pigment_id,site_energy_shift
4_CHL_601,15884.539577982368
4_CHL_607,15753.006879463866
4_CHL_606,15719.01717512135
4_CHL_609,15673.475427345096
4_CHL_608,15637.613502258446
4_CLA_602,15009.824947801366
4_CLA_611,14930.050483550862
4_CLA_612,14920.125325492583
4_CLA_603,14886.994752482444
4_CLA_604,14793.056955436512
4_CLA_610,14603.929113174641
